date;sentiment;company;title;content
unknown;0.0 vs down;Acheter-Louer.Fr ;to_be_done;"En France
Résultats des entreprises
Imerys : le spécialiste des minéraux industriels ne fournit pas de prévisions 2020, à cause du contexte actuel. Le chiffre d'affaires a reculé de 15,7% au troisième trimestre, entraînant le bénéfice net en repli de près de 40% à 39 M€."
2020-10-30 20:34:00;0.0 vs down;Acheter-Louer.Fr ;to_be_done;GROUPE ALFR - COMPTES CONSOLIDES AU 30 JUIN 2020
2020-10-28 08:58:00;0.8105 vs down;Visiomed Group ;to_be_done;"ALTEN
Au troisième trimestre, l'activité d'Alten a reculé de 18,6% à 524,20 millions d'euros, dont -27% en France et -12,4% à l'International. A données constantes, le chiffre d'affaires a reculé de 19,4%. En France, la décroissance organique a atteint 26,6% ; elle est de 14% à l'international. Malgré une amélioration de 6 points par rapport au second trimestre 2020, le taux d'activité du troisième trimestre 2020 reste faible à 84% (92% au troisième trimestre 2019).


Au troisième trimestre 2020, le chiffre d'affaires d'Assystem a reculé de 1,2% à 115,2 millions d'euros. En organique, le groupe d'ingénierie a enregistré un repli de 1,1% de son activité. Le chiffre d'affaires d'E&I (106,6 millions d'euros) est en croissance de 2,3%, dont +0,1% en organique. Le chiffre d'affaires Staffing, durablement affecté par les fermetures de frontières qui résultent de la pandémie, a baissé de 13,2% en organique à 8,6 millions d'euros, ce recul organique étant amplifié par l'effet particulièrement négatif (-7,2%) de la variation des taux de change.


Le fabriquant d'articles de papeterie de briquets et de rasoirs a publié ses résultats du troisième trimestre (à suivre).


Carrefour a fait état d'un chiffre d'affaires en croissance de 8,4% à magasins comparables à 19,69 milliards d'euros au troisième trimestre 2020, soit la meilleure performance à magasins comparables depuis au moins 20 ans. Par répartition géographique, on peut notamment relever une progression de 3,8% à magasins comparables en France à 9,676 milliards sur le trimestre ou encore +28,4% en Amérique Latine à 3,614 milliards d'euros.


Eramet a publié un chiffre d'affaires en repli de 5% à 850 millions d'euros au troisième trimestre de son exercice 2020. Le groupe souligne la très bonne performance de production de vente des activités minières, titrée par le rebond de l'acier en Chine. En terme de perspectives la société anticipe un Ebitda en forte augmentation au second semestre 2020 au regard de celui du premier semestre. L'entreprise ajoute que l'Ebitda restera toutefois en baisse significative sur l'ensemble de l'année.


M6 a fait état d'un chiffre d'affaires consolidé de 298,7 millions d'euros au troisième trimestre de son activité 2020, correspondant à une hausse de 1,4%. Les revenus publicitaires sont en hausse de 2,6% à 226,2 millions. Le résultat net (part du groupe) trimestriel est en hausse de 66,7% à 33,6 millions d'euros. Le résultat opérationnel courant (Ebita) du groupe audiovisuel ressort, pour sa part, à 54 millions, soit une hausse de 58%. La marge opérationnelle est en progression de 650 points de base à 18,1%. 


Maisons du Monde a publié un chiffre d'affaires en hausse de 9,8% à périmètre comparable à 321,3 millions d'euros au troisième trimestre de son exercice 2020. Le spécialiste des articles de décoration et de mobilier souligne que les ventes en magasins ont progressé de 9,4% sur la période. Les ventes en ligne ont, pour leur part bondi de 24,4% en comparaison du troisième trimestre 2019.


Le constructeur automobile a publié son chiffre d'affaires du troisième trimestre (à suivre).


Séché Environnement a dévoilé un chiffre d'affaires contributif de 169,1 millions d'euros au troisième trimestre 2020 en hausse de 0,4%. L'activité a augmenté de 1,8% à change constant. "" Le 3ème trimestre 2020 illustre ainsi la résilience des activités de Séché Environnement en France comme à l'International, avec le retour progressif d'une activité normalisée sur tous ses périmètres, l'Amérique Latine affichant en effet les 1ers signes d'un rebond d'activité en fin de période "" a commenté le spécialiste de la valorisation et du traitement des déchets.


Sodexo a annoncé, mardi, un projet de Plan de Sauvegarde de l'Emploi qui impliquerait la suppression nette de 2 083 postes soit moins de 7% de ses effectifs en majorité dans le segment Services aux Entreprises dans le cadre d'un processus d'information et de consultation de ses représentants du personnel et sur le périmètre de la Restauration Collective.


SQLI a enregistré un chiffre d'affaires au troisière trimestre 2020 de 47,9 millions d'euros, en repli de 11,9% par rapport à la même période de 2019 (-14,3% à périmètre et taux de change constants). Le pôle Commerce & Experience, qui regroupe les activités d'agence digitale européenne, a réalisé un chiffre de 26,2 millions d'euros, en progression de 11% en données publiées et de 5,5% à données comparables. Le pôle Digital & Technology, qui regroupe les activités d'ESN en France, a réalisé un chiffre d'affaires de 21,7 millions d'euros, contre 30,8 millions un an plus tôt.


Le groupe de services à l'environnement publiera ses résultats du troisième trimestre.


Le spécialiste des revêtements de sol et des surfaces sportives publiera (après Bourse) ses résultats du troisième trimestre.


Teleperformance a annoncé avoir conclu un accord définitif portant sur l'acquisition de Health Advocate auprès d'Intrado Corporation, un leader mondial des services technologiques détenu par la société d'investissement Apollo Global Management. Le montant de la transaction (valeur d'entreprise) s'élèvera à 690 millions de dollars. L'acquisition sera intégralement financée par dette bancaire. La transaction, qui reste soumise aux approbations réglementaires et aux conditions de clôture usuelles, devrait être finalisée au cours du 1er trimestre 2021.


Total a annoncé avoir réalisé une découverte importante de gaz à condensats sur le prospect de Luiperd, situé sur le bloc 11B/12B dans le bassin d'Outeniqua, à 175 kilomètres au large de la côte sud d'Afrique du Sud. Le groupe précise que cette découverte fait suite à celle adjacente de Brulpadda, qui avait prouvé en 2019 l'existence d'une nouvelle province gazière importante dans la région.



Valeo a annoncé un chiffre d’affaires consolidé au troisième trimestre 2020 de 4,39 milliards d’euros, en baisse de 6% à périmètre et taux de change constants. Le chiffre d’affaires première monte s’établit, lui, à 3,75 milliards d’euros, en baisse de 5 % à périmètre et taux de change constants, mais affiche une performance en ligne avec celle du marché. Sur les 9 premiers mois de l’année, l'équipementier affiche une performance de 4 points supérieure à celle de la production automobile et confirme son objectif d’une surperformance d’environ 5 points sur l'année.


Visiomed Group a annoncé la signature d'un avenant au contrat de distribution exclusif, signé au 1er semestre 2020 avec le laboratoire chinois LiClear Biotech, pour étendre le partenariat aux tests antigéniques de diagnostic rapide de la Covid-19. Le groupe souligne qu'il a d'ores et déjà enregistré ses premières commandes."
2020-11-02 08:06:00;0.0 vs down;Nokia Corporation;to_be_done;Barclays via son analyste Andrew Gardiner confirme sa recommandation neutre sur le dossier. L'objectif de cours est modifié à la baisse et désormais fixé à 2.90 EUR contre 3.80 EUR auparavant.
2020-10-30 18:24:00;-0.1432 vs down;Nokia Corporation;to_be_done;"Nokia gagne 3% à Paris alors qu'Oddo BHF conserve son opinion 'achat' sur le titre, 'donnant le bénéfice du doute au management (dans un secteur difficile où les différents managements ont tour à tour déçu)', mais abaisse son objectif de cours de 20% à 3,6 euros.

Si l'équipementier télécoms a publié des trimestriels globalement en ligne, l'analyste souligne qu'il a surtout averti sur 2020, donné une guidance de marge 2021 largement inférieure aux attentes et retiré ses objectifs 3/5 ans de MOP entre 12 et 14%.

Tenant compte des nouvelles guidances, Oddo révise ses estimations de BPA 2020 de 9% et 2021 de 30%. Il a réduit sa prévision de CA et vise désormais une baisse du CA de 2% et une MOP de 8,3%, légèrement inférieure au milieu de la guidance.

Copyright (c) 2020 CercleFinance.com. Tous droits réservés."
2020-10-28 17:50:00;0.8316 vs down;AgroGeneration, ;to_be_done;"Amélioration sensible de l'EBITDA grâce à une meilleure récolte de blé et à une hausse des prix





















© 2020 ActusNews"
2020-10-28 17:50:00;0.8074 vs down;AgroGeneration, ;to_be_done;"EBITDA significantly improved by better wheat harvest and commodity price increase

























© 2020 ActusNews"
2020-11-02 18:41:00;0.0516 vs down;Europlasma ;to_be_done;"Le conseil d'administration d'Europlasma indique avoir pris acte ce jour de la décision d'Hugo Brugière de démissionner de son mandat d'Administrateur du groupe, une fonction qu'il occupait depuis décembre 2019.

Spécialiste du retournement de sociétés cotées, 'Hugo Brugière a apporté toute son expertise dans la mise en oeuvre du plan de reprise d'Europlasma et toute sa créativité quant à son financement', indique Europlasma.

Le conseil d'administration se compose dorénavant de Jérôme Garnache‐Creuillot (Président Directeur Général), Laurent Collet-Billon et Pascal Gilbert.

Copyright (c) 2020 CercleFinance.com. Tous droits réservés."
unknown;0.7428 vs down;Voluntis ;to_be_done;La Banque centrale européenne a fait hier ce que les observateurs attendaient d'elle, c'est-à-dire qu'elle a temporisé sur de nouvelles mesures de soutien économique, tout en promettant ou presque que ces mesures seront au rendez-vous en décembre. L'institution aura alors un peu plus de recul sur la seconde lame du coronavirus et sur l'impact économique et sanitaire des décisions prises à Berlin, à Paris et dans les autres capitales. La chaîne de transmission n'est pas toujours facile à comprendre, mais pour vulgariser à l'extrême, disons que les actions de la banque centrale permettent en ce moment à la fois à la Caisse d'Epargne de continuer à financer votre entreprise et mon crédit immobilier et à Bruno Le Maire d'aligner comme des perles les milliards au budget. J'ai pris deux exemples en France mais cela aurait pu être le cas en Espagne, en Italie ou ailleurs.
unknown;0.7428 vs down;Balyo ;to_be_done;La Banque centrale européenne a fait hier ce que les observateurs attendaient d'elle, c'est-à-dire qu'elle a temporisé sur de nouvelles mesures de soutien économique, tout en promettant ou presque que ces mesures seront au rendez-vous en décembre. L'institution aura alors un peu plus de recul sur la seconde lame du coronavirus et sur l'impact économique et sanitaire des décisions prises à Berlin, à Paris et dans les autres capitales. La chaîne de transmission n'est pas toujours facile à comprendre, mais pour vulgariser à l'extrême, disons que les actions de la banque centrale permettent en ce moment à la fois à la Caisse d'Epargne de continuer à financer votre entreprise et mon crédit immobilier et à Bruno Le Maire d'aligner comme des perles les milliards au budget. J'ai pris deux exemples en France mais cela aurait pu être le cas en Espagne, en Italie ou ailleurs.
2020-10-29 17:55:00;0.0 vs down;Vergnet ;to_be_done;COMPTES CONSOLIDES VERGNET SA 30.06.2020
2020-10-29 17:45:00;0.0 vs down;Vergnet ;to_be_done;Communiqué de Presse
2020-10-29 09:14:00;0.0 vs down;madvertise;to_be_done;Progression des résultats semestriels 2020 28. octobre, 2020
2020-10-29 09:14:00;0.0 vs down;madvertise;to_be_done;Rapport d'activité semestriel S1 2020 28. octobre, 2020
unknown;-0.6378 vs down;Sensorion ;to_be_done;Jusqu'à hier, les joutes électorales américaines avaient presque fait oublier que le pays était à la merci d'une seconde vague de coronavirus. Ça m'a tout l'air d'être terminé. On a beau être la première puissance économique et militaire du monde, une nation qui va historiquement de l'avant et le berceau des Avengers et de l'inspecteur Harry, comment lutter contre la mécanique implacable du virus ? Là-bas comme ici en Europe, le nombre de cas journaliers vient de toucher de nouveaux records. Et les marchés financiers ont accusé le coup. Le vieux continent a terminé au plus bas de la séance (-1,9% pour le CAC40) tandis que Wall Street a légèrement réduit ses pertes en fin de parcours, sans pour autant échapper à une sévère correction (-1,86% pour le S&P500).
2020-10-27 08:58:00;0.994 vs down;Sensorion ;to_be_done;"BIGBEN INTERACTIVE
Au deuxième trimestre, clos fin septembre de l'exercice 2020/2021, Bigben a enregistré un chiffre d'affaires de 80,6 millions d'euros, en croissance de 17,7%. Cette performance a été portée par la forte croissance de Nacon Gaming, dont les ventes ont bondi de 46,4% à 48,6 millions d'euros. Bigben anticipe un second semestre 2020/2021 dynamique avec une forte croissance de Nacon Gaming et une amélioration de l'Audio/Telco.


C'est au tour d'un autre géant du CAC 40 de réaliser son point d'activité du troisième trimestre 2020. Ainsi, Capgemini a publié un chiffre d'affaires consolidé de 4, 008 milliards d'euros sur la période, en hausse de 15,6% à taux de change courants et de 18,4% à taux de change constants par rapport au même trimestre de l'année 2019. Sur une base organique, le recul du chiffre d'affaires est contenu à -3,6% sur un an, contre -7,7% au deuxième trimestre. Cette amélioration concerne l'ensemble des métiers et régions du groupe, explique l'entreprise de services du numérique.


CGG a annoncé mardi la fin prochaine du projet multi-clients Nebula 3D Phase I et le dé-marrage à venir de la Phase II. Nebula 3D est une grande étude BroadSeis à offsets longs située au large du Brésil dans les bassins sédimentaires prospectifs de Campos et Santos. La phase I représente 17 700 kilomètres carrés au sud-est du programme Nebula et couvre une zone où n'existe actuellement aucune donnée sismique 3D. La phase II couvrira environ 10 000 kilomètres carrés du côté nord du programme et permettra à par-tir des données BroadSeis existantes d'obtenir des images sismiques double azimut.


Coface a enregistré un chiffre d'affaires consolidé de 1,08 milliard d'euros sur les neuf premiers mois de l'année, en baisse de -0,9% à périmètre et taux de change constants par rapport au 30 septembre 2019. En données publiées (à change et périmètre courant), le chiffre d'affaires baisse de1,9%. Le résultat net part du groupe est ressorti à 52,4 millions d'euros, en repli de 55,2% en publié. Sur neuf mois, le ratio de sinistralité net est de 55,2% (+10,1 points) et le ratio combiné net est de 85,3% (+8,5 points).


Generix Group a enregistré un chiffre d'affaires de 19,2 millions d'euros, en retrait de 3% au deuxième trimestre. L'éditeur de solutions applicatives SaaS pour les écosystèmes industriels, logistiques et du retail précise que le niveau de revenus et de signatures du trimestre écoulé est conforme à ses attentes dans ce contexte de pandémie.


Au 30 septembre 2020, le chiffre d'affaires consolidé sur neuf mois du groupe Lumibird s'établit à 78,5 millions d'euros, en hausse de 2,6% en données publiées et en diminution organique de 14,9%. Ce chiffre reflète principalement l'intégration d'Ellex et les premiers signes de reprise sur le périmètre historique. L'activité Laser a réalisé une activité de 44,4 millions d'euros (-16,8% en organique), et l'activité Médical de 34,1 millions (-11,5%). Au troisième trimestre, le groupe a enregistré un chiffre d'affaires de 32,7 millions d'euros (+32,1% en publié, -9,9% en organique).


L'enseigne d'ameublement et de décoration publiera (après Bourse) son chiffre d'affaires du troisième trimestre.


Mare Nostrum a acquis Inalvea Développement, dédiée à la gestion du back office des agences d'intérim du médico-social et plus spécifiquement des SCIC (Société Coopérative d'Intérêt Collectif). Mare Nostrum positionne ainsi son offre de services sur le secteur très porteur de la santé et en particulier le segment des Economies de Partage. Cette opération réalisée via l'acquisition de 50% du capital et la prise de contrôle de la société, est totalement auto-financée, a indiqué le spécialiste des RH. Inalvea Developpement s'appuie sur une équipe d'une quinzaine de personnes.


Au deuxième trimestre, clos fin septembre de l'exercice 2020/2021, Nacon a réalisé un chiffre d'affaires de 48,6 millions d'euros, en hausse de 46,4%, porté par les ventes des casques premiums et la hausse des ventes digitales de Jeux. L'activité Accessoires de Nacon a enregistré une croissance plus forte que prévue avec un chiffre d'affaires de 29 millions d'euros, en hausse de 106,5%. Cette performance est essentiellement liée à la commercialisation réussie des casques RIG aux USA et aux ventes soutenues de manettes officielles pour console PlayStation4.


Recylex a dévoilé des résultats 2019 dégradés. La perte nette est ressortie à 84,9 millions d'euros. La perte opérationnelle courante a atteint 38,5 millions d'euros comparativement à une perte de 20 millions d'euros en 2018. Cette dégradation s'explique principalement par la chute des cours du plomb et du zinc, des conditions commerciales moroses et une hausse des charges fixes et variables. Cette publication sort dans un contexte des plus incertains. Dans son communiqué, le spécialiste du recyclage rappelle les incertitudes qui pèsent toujours sur sa continuité d'exploitation.


Groupe Seb a publié un chiffre d'affaires en croissance organique de 4,4% à 1,797 milliard d'euros au troisième trimestre de son activité 2020. Les revenus du spécialiste du petit équipement domestique s'élèvent à 4,712 milliards d'euros sur les 9 premiers mois de l'exercice, correspondant à une décroissance organique de 6,7%.


Sensorion a signé un accord pour la fabrication de virus adéno-associés (AAV). L'accord couvre le programme de thérapie génique ciblant le gène OTOF (OTOF-GT), gène codant pour la protéine otoferline et dont les mutations entrainent une surdité congénitale sévère à profonde. Sensorion poursuit le développement de deux programmes de thérapie génique au stade préclinique, menés dans le cadre d'un large partenariat de recherche avec l'unité Génétique et Physiologie de l'audition de l'Institut Pasteur (Paris).



SMCP a levé le voile lundi soir sur son activité du troisième trimestre 2020. Ainsi, le groupe de prêt-à-porter a réalisé un d'affaires consolidé de 248,4 millions d'euros sur la période, en baisse de 9,5 % en données publiées et de -10,6% en organique. Si la crise du Covid-19 continue de peser, le groupe souligne que la situation s'améliore par rapport au deuxième trimestre, notamment grâce à la reprise observée en Chine continentale.

Par ailleurs, la société tiendra, mardi, sa journée investisseurs au cours de laquelle seront présentés le plan stratégique et les objectifs financiers pour la période 2020-2025. Le spécialiste du luxe accessible a néanmoins déjà levé le voile sur certains éléments dès lundi soir. Ainsi, le groupe a dit viser plus de 10 % de croissance du chiffre d'affaires à taux de change constant en 2023 par rapport à 2019, et un taux de croissance annuel moyen du chiffre d'affaires à taux de change constant supérieur à 6 % entre 2023 et 2025.


Dans le cadre de leur partenariat, Lanzatech, Total et L'Oréal ont réussi une première mondiale avec la production du 1er emballage durable à partir d'émissions de carbone captées et recyclées. Le procédé testé avec succès se décompose en trois étapes. Premièrement LanzaTech capte les émissions industrielles de carbone et les convertit en éthanol grâce à un procédé biologique unique.

Par ailleurs, Total, via sa filiale Total Quadran dédiée au développement et à la production d'énergie renouvelable en France, a remporté 67 mégawatts-crête (MWc) de projets photovoltaïques installés au sol et en ombrières, soit 20% des volumes attribués lors de la huitième période de l'appel d'offres de la Commission de Régulation de l'Energie (CRE). Total consolide ainsi sa position de second développeur solaire en France avec 606 MW de projets sur l'ensemble des tranches des appel d'offres.


Transgene a dévoilé les résultats détaillés de l'essai clinique de TG4001 en combinaison avec avelumab dans les cancers avancés HPV-positifs. La combinaison de TG4001 et avelumab montre une activité antitumorale avec un taux de réponse (ORR) de 23,5 % chez des patients précédemment traités pour des cancers récidivants et/ou métastatiques liés au HPV (virus du papillome humain). Pour les patients sans métastases hépatiques (n=23), un taux de réponse de 34,8 % et une médiane de survie sans progression (PFS) de 5,6 mois ont été atteints.


L'équipementier automobile publiera son chiffre d'affaires du troisième trimestre."
2020-10-06 17:46:00;0.0 vs down;MedinCell ;to_be_done;Regulatory News:
unknown;-0.8767 vs down;MedinCell ;to_be_done;"Devinette. Qu'est qui peut être à la fois ""absolument affreux"", ""mal-élevé"", ""chaotique"", ""désordonné"", ""conflictuel"" et ""honteux"" ? Un débat entre Joe Biden et Donald Trump. Ces termes sont ceux qui ont été utilisés dans les titres des grands médias américains de tout bord pour décrire l'heure et demie de discussion entre les deux hommes entre 3h00 et 4h30 du matin. Enfin discussion, il faut le dire vite, parce que les débats étaient aussi heurtés que possible, avec des interruptions intempestives de parole et pas mal de coups sous la ceinture. Pourtant chevronné, le journaliste de Fox News Chris Wallace n'a pas réussi à canaliser l'animosité entre Biden et Trump. Sur le fond ? Pas grand-chose à retenir que nous ne sachions déjà. La politique-spectacle atteint des sommets."
2020-11-02 15:35:00;0.9652 vs up;Solocal Group ;to_be_done;"Solocal bondit de plus de 4% à 0,02 euro, les investisseurs saluent la cession de sa filiale Mappy à la RATP. Cela faisait plusieurs trimestres que la solution de cartographie et de calcul d'itinéraire en ligne était en vente, rappelle Oddo BHF. Certes, le prix de vente estimé par le broker apparaît décevant (environ cinq millions d'euros contre plus de 20 millions anticipés initialement), mais au moins, c'est signé. L’opération va permettre à Solocal de réduire ses coûts et de concentrer ses investissements sur le cœur de son activité, tout en conservant une exposition marketing à l’actif.

L'opération est effective dès le 1er novembre 2020, et les effectifs de Mappy ont d'ores et déjà intégré la division RATP Smart Systems, formant ainsi une équipe dédiée au MaaS (Mobility as a Service).
""Cette cession intervient dans le cadre du plan stratégique Solocal 2020, et permet à Solocal de se concentrer sur ses activités stratégiques et sa nouvelle offre de services digitaux à destination des PME et des grands comptes en France"", a précisé les ex-PagesJaunes dans un communiqué.

Solocal ajoute que, en plus d'importants besoins d'investissements pour développer l'offre Maas, la contribution d'Ebitda récurrent de Mappy était significativement inférieure à celle du groupe, et le produit de la vente n'aura donc pas d'impact significatif sur sa position de trésorerie et son niveau d'endettement.

Malgré cette cession, Mappy continuera d'être la solution cartographique du site PajesJaunes.fr et les clients de Solocal continueront d'y être visibles."
2020-11-02 09:42:00;0.9636 vs up;Solocal Group ;to_be_done;"Solocal a annoncé la cession de sa filiale Mappy, utilisé comme solution cartographique et calculateur d'itinéraires par le site PagesJaunes.fr, au groupe RATP. Les expertises de Mappy viendront ainsi compléter et renforcer, dès le 1er novembre 2020, celles de RATP Smart Systems. Cette cession intervient dans le cadre du plan stratégique Solocal 2020, et permet à Solocal de se concentrer sur ses activités stratégiques et sa nouvelle offre de services digitaux à destination des PME et des grands comptes en France.

En plus d'importants besoins d'investissements pour développer l'offre Maas (Mobility as a Service), la contribution d'EBITDA récurrent de Mappy était significativement inférieure à celle de Solocal Group. Le produit de la vente n'aura donc pas d'impact significatif sur la position de trésorerie et le niveau d'endettement de Solocal.

Les effectifs de Mappy intègrent dès aujourd'hui ceux de RATP Smart Systems, formant ainsi une équipe dédiée au MaaS (Mobility as a Service). Elles créeront ensemble une offre digitale "" MaaS"" innovante et centrée sur le client.  Avec cet accord, le Groupe RATP devient un partenaire stratégique de long terme de Solocal.

Copyright 2020 AOF
Tous droits de reproduction et de représentation réservés (Avertissement légal)"
2020-11-02 13:04:00;0.0772 vs up;Air France-KLM ;to_be_done;AMSTERDAM (Reuters) - Les pilotes de KLM, la branche néerlandaise du groupe Air France-KLM, se sont dits lundi prêts à discuter du gel des salaires réclamé par l'Etat néerlandais en échange de son plan d'aide, qui a été suspendu samedi, faute d'accord.
2020-11-02 11:30:00;0.0 vs up;Air France-KLM ;to_be_done;La recommandation du broker Bernstein est inchangée. L'analyste Daniel Roeska demeure neutre sur le dossier. L'objectif de cours continue d'être situé à 3 EUR.
2020-11-02 18:06:00;0.128 vs up;DBV Technologies ;to_be_done;PARIS (Reuters) - Les Bourses européennes ont terminé en nette hausse lundi à la faveur de bons indicateurs économiques dans l'industrie, reléguant temporairement au second plan les incertitudes sur la pandémie et l'élection présidentielle américaine.
2020-11-02 18:02:00;0.9657 vs up;DBV Technologies ;to_be_done;"Paris (awp/afp) - La Bourse de Paris a terminé en forte hausse de 2,11% lundi, un rebond porté par la croissance de l'activité industrielle dans le monde, qui a fait oublier les incertitudes liées à l'élection présidentielle américaine.
L'indice CAC 40 a grimpé de 96,90 points pour finir la séance à 4.691,14 points. La semaine précédente, il avait dévissé de 6,4% en raison des craintes liées aux reconfinements en Europe.
La cote parisienne s'est appuyée sur les indicateurs de l'activité industrielle, meilleurs que prévu dans le monde, pour progresser.
""La semaine dernière, le marché a beaucoup pris en compte la situation spécifique de l'Europe. Maintenant, il voit l'économie de manière plus large, et le reste du monde se porte bien"", analyse auprès de l'AFP Daniel Larrouturou, gérant actions chez Dôm Finances.
En Chine, l'activité manufacturière a atteint en octobre son plus haut niveau depuis près de 10 ans, selon un indice indépendant de référence. En France, elle a poursuivi au cours du même mois sa progression amorcée en septembre, même si le rythme s'est ralenti.
La série d'indicateurs manufacturiers s'est conclue favorablement aux Etats-Unis, où l'indice de référence a atteint son plus haut niveau depuis septembre 2018.
Cela a permis aux marchés, dans une période volatile, d'oublier un peu les préoccupations sanitaires. L'attention va se reporter sur l'élection présidentielle américaine, mardi étant le jour du scrutin.
""Les Bourses espèrent surtout de la visibilité"", estime Tangi le Liboux, analyste du courtier Aurel BGC.
Le candidat démocrate Joe Biden devance le président sortant Donald Trump dans les sondages nationaux, mais les résultats pourraient être très serrés dans plusieurs Etats clefs et certains analystes doutent qu'un vainqueur soit annoncé dès mardi soir, ce qui pourrait ajouter de l'incertitude sur les places financières.
""En 2000, lors des cinq semaines de contestation entre les deux candidats, le marché avait perdu 7%"", rappelle M. Larrouturou.
La nette progression des valeurs industrielles et de celles liées aux infrastructures est pour lui un signal que les marchés restent ""optimistes"" sur le scénario, et envisagent plutôt une victoire de Joe Biden, qui pourrait accélérer le vote d'un plan de relance massif.
LES FINANCIÈRES A LA FÊTE
Les valeurs bancaires et de l'assurance, dont les variations sont davantage dépendantes de l'activité économique, ont bondi.
Axa a grimpé de 4,03% à 14,36 euros, BNP Paribas de 4,25% à 31,13 euros et Société Générale de 4,16% à 12,12 euros.
LES PÉTROLIÈRES REBONDISSENT
Les valeurs pétrolières profitaient aussi du regain d'appétit sur les valeurs cycliques, et des cours du pétrole qui se sont un peu repris après les fortes baisses de la semaine précédente.
Total a gagné 4,92% à 27,09 euros, CGG 5,30% à 0,51 euros et TechnipFMC 8,15% à 5,08 euros.
+50% POUR DBV TECHNOLOGIES
La biotech française Dbv Technologies a annoncé lundi la validation du dépôt d'une demande d'autorisation en Europe de son produit phare contre l'allergie à l'arachide Viaskin Peanut. Son titre a clôturé à 3,75 euros, en hausse de 52,69%.
Malgré cette hausse impressionnante, le titre a perdu 80,90% de sa valeur depuis le 1er janvier.
afp/rp"
2020-11-02 15:11:00;0.8902 vs up;Natixis ;to_be_done;"Lundi 2 novembre 2020

IMERYS
Le groupe de spécialités minérales pour l'industrie publiera ses résultats du troisième trimestre.

UNIBAIL-RODAMCO-WESTFIELD
La foncière spécialisée dans les centres commerciaux publiera ses résultats du troisième trimestre.

VILMORIN
Le producteur de semences publiera son chiffre d'affaires du premier trimestre.



AXA
Le groupe d'assurance publiera (après Bourse) son chiffre d'affaires du troisième trimestre.

BNP PARIBAS
Le groupe bancaire publiera ses résultats du troisième trimestre.

ESSILORLUXOTTICA
Le géant de l'optique publiera son chiffre d'affaires du troisième trimestre.

ORPEA
Le spécialiste de la prise en charge de la dépendance publiera (après Bourse) son chiffre d'affaires du troisième trimestre.

TELEPERFORMANCE
Le spécialiste de la gestion omnicanal de l'expérience client externalisée publiera son chiffre d'affaires du troisième trimestre.



CREDIT AGRICOLE
Le groupe bancaire publiera ses résultats du troisième trimestre.

EIFFAGE
Le groupe de construction et de concessions publiera son chiffre d'affaires du troisième trimestre.

SOLUTIONS 30
Le groupe spécialisée dans les solutions pour les nouvelles technologies publiera (après Bourse) son chiffre d'affaires du troisième trimestre.



ARCELOR MITTAL
Le sidérurgiste publiera ses résultats du troisième trimestre.

EURONEXT
Le groupe boursier pan-européen publiera ses résultats du troisième trimestre.

JCDECAUX
Le spécialiste de la publicité urbaine publiera (après Bourse) son chiffre d'affaires du troisième trimestre.

LAGARDERE
Le groupe de contenus publiera (avant Bourse) son chiffre d'affaires du troisième trimestre.

LEGRAND
Le spécialiste des infrastructures électriques publiera ses résultats du troisième trimestre.

NATIXIS
Le groupe bancaire publiera (après Bourse) ses résultats du troisième trimestre.

SOCIETE GENERALE
Le groupe bancaire publiera ses résultats du troisième trimestre.

VEOLIA ENVIRONNEMENT
Le spécialiste des services collectifs publiera son chiffre d'affaires du troisième trimestre.



DELFINGEN
L'équipementier automobile publiera son chiffre d'affaires du troisième trimestre.

SCOR
Le groupe de réassurance publiera ses résultats du troisième trimestre."
2020-10-27 17:08:00;-0.7964 vs up;Natixis ;to_be_done;"Les actions des banques françaises ont accru leurs pertes en Bourse alors la BCE ne prendra pas de décision sur une éventuelle reprise du versement des dividendes pour ce secteur avant le 10 décembre. BNP Paribas (-4,29% à 31,53 euros), Credit Agricole (-4,60% à 7,016 euros) et Société Générale (-4,76% à 11,996 euros) figurent désormais parmi les principales baisses du CAC 40. La baisse des taux longs pèse aussi sur le secteur.

""Nous avons décidé de ne réétudier la décision qu'une fois que la BCE aura publié les nouvelles projections macroéconomiques, ce qui est prévu le 10 décembre"" a déclaré Andrea Enria, le responsable de la supervision bancaire, rapporte Reuters. Elle juge que pour l'instant les incertitudes liées à la crise du Covid-19 sont trop importantes.

Fin mai, les autorités réglementaires ont demandé aux banques de s'abstenir de verser des dividendes, racheter des actions ou d'octroyer de nouvelles rémunérations variables aux principaux preneurs de risque en leur sein, pour préserver leurs fonds propres.  "
2020-11-02 17:48:00;0.5719 vs up;TOTAL SE;to_be_done;"TOTAL (+4.92% à 27.09 euros)
Dans un CAC 40 en nette hausse, le géant pétrolier a profité d'un environnement porteur pour les valeurs cycliques, avec notamment un baril de Brent en hausse de 1.95%. Après ses résultats trimestriels de vendredi, Total a fini sur une seconde séance consécutive de hausse, et est passé en vert sur une semaine."
2020-11-02 13:39:00;0.4588 vs up;TOTAL SE;to_be_done;Dans une note de recherche publiée par Jon Rigby, le broker UBS conseille de s'intéresser au titre avec une opinion à l'achat. L'objectif de cours est inchangé à 41 EUR.
2020-11-02 18:29:00;0.9781 vs up;AXA ;to_be_done;"AXA
Le groupe d'assurance publiera (après Bourse) son chiffre d'affaires du troisième trimestre.

BNP PARIBAS
Le groupe bancaire publiera ses résultats du troisième trimestre.

CARREFOUR
Au terme d'un long suspens, l'enseigne spécialisée Bio C'Bon est reprise par Carrefour. Le tribunal de commerce de Paris a choisi la meilleure offre, soit 60 millions d'euros plus 40 millions d'euros d'investissements. ""Vous rejoignez un magnifique projet, auquel j'attache une importance toute particulière: celui de rendre la bio accessible à tous, tous les jours"", a déclaré le PDG de Carrefour, Alexandre Bompard, dans une lettre aux salariés de Bio C'Bon qu'il a publiée sur son compte Twitter.

DERICHEBOURG 
Derichebourg Environnement assurera dès le 1er avril 2021 la collecte des déchets ménagers de 207 000 habitants répartis sur 39 communes du territoire de la Communauté Urbaine de Caen-la-Mer pour une durée de 7 ans. Le montant total du marché est de 80 millions d'euros. "" Nous avons fait le choix de faire de notre site une vitrine environnementale en déployant une station de distribution de Gaz Naturel (GNV) qui alimentera une trentaine de véhicules (hybride gaz et électricité) "", a précisé Derichebourg.

ELIS 
Elis, le spécialiste des solutions de location-entretien d'articles textiles, d'hygiène et de bien-être, a annoncé la constitution, par son conseil de surveillance, d’un troisième comité permanent, consacré aux questions de responsabilité sociale et environnementale (comité RSE). Le comité RSE sera en charge d’examiner la stratégie, les engagements et les orientations du groupe Elis dans le domaine de la RSE et de veiller à ce que Elis anticipe au mieux les enjeux, les opportunités et les risques en matière de RSE.

ESSILORLUXOTTICA
Le géant de l'optique publiera son chiffre d'affaires du troisième trimestre.

MERCIALYS 
Mercialys a suspendu ses objectifs annuels pour 2020 alors qu'il visait jusqu'à présent un résultat des opérations (FFO) par action en baisse entre 10% et 15% et un dividende dans une fourchette de 70% à 95% du FFO 2020. Le groupe immobilier spécialisé dans les centres commerciaux justifie sa décision par le nouveau confinement généralisé de la population décidé par le gouvernement, qui viendra "" inéluctablement peser sur une situation économique déjà fragilisée"".

ORPEA
Le spécialiste de la prise en charge de la dépendance publiera (après Bourse) son chiffre d'affaires du troisième trimestre.

TELEPERFORMANCE
Le spécialiste de la gestion omnicanal de l'expérience client externalisée publiera son chiffre d'affaires du troisième trimestre.

VILMORIN 
Vilmorin & Cie a réalisé son point d’activité au titre du premier trimestre de son exercice 2020-2021 (clos fin septembre). Ainsi, le producteur de semences a enregistré un chiffre d’affaires consolidé de 234,4 millions d’euros sur la période, en progression de 6,7 % à données comparables et de 1,1 % à données courantes sur un an. Dans son communiqué, Vilmorin rappelle que le chiffre d’affaires du premier trimestre représente en moyenne près de 15 % des ventes annuelles.




Valeurs citées dans l'article
Varia. Dernier Var. 1janv
AXA  4.03% 14.356 -45.04%
BNP PARIBAS  4.25% 31.125 -43.49%
CARREFOUR  1.20% 13.52 -10.64%
DERICHEBOURG  0.48% 2.53 -31.01%
ELIS  5.48% 9.92 -49.16%
ESSILORLUXOTTICA  0.05% 106.25 -21.80%
MERCIALYS  2.68% 4.22 -66.67%
ORPEA  1.19% 86.76 -24.99%
TELEPERFORMANCE  2.83% 265 18.54%
Plus de Résultats
0"
2020-11-02 18:02:00;-0.3818 vs up;AXA ;to_be_done;"Paris (awp/afp) - La Bourse de Paris a terminé en forte hausse de 2,11% lundi, un rebond porté par la croissance de l'activité industrielle dans le monde, qui a fait oublier les incertitudes liées à l'élection présidentielle américaine.
L'indice CAC 40 a grimpé de 96,90 points pour finir la séance à 4.691,14 points. La semaine précédente, il avait dévissé de 6,4% en raison des craintes liées aux reconfinements en Europe."
unknown;-0.5225 vs up;NOXXON Pharma N.V.;to_be_done;Il n'y avait pas beaucoup d'endroits pour se cacher hier sur les marchés boursiers, où la punition moyenne tournait autour de -3,5%. Un peu hermétiques aux signaux inquiétants qui commençaient à poindre un peu partout au cours des deux semaines précédentes, les indices ont reculé de trois marches à la fois hier. Les grosses technologiques n'ont pas joué leur rôle amortisseur aux Etats-Unis, au contraire, et les valeurs les plus fragiles se sont à nouveau effondrées. Hôtellerie, restauration, transport aérien, croisiéristes, automobile et événementiel ont logiquement trinqué à l'annonce des reconfinements partiels allemand et français.           
unknown;-0.1027 vs up;NOXXON Pharma N.V.;to_be_done;"En France
Résultats des entreprises
Airbus : le groupe, qui accuse une perte nette de 2,68 Mds€ sur neuf mois, vise au moins l'équilibre de free cash-flow ajusté au quatrième trimestre."
2020-11-02 18:29:00;0.9781 vs up;BNP Paribas ;to_be_done;"AXA
Le groupe d'assurance publiera (après Bourse) son chiffre d'affaires du troisième trimestre.

BNP PARIBAS
Le groupe bancaire publiera ses résultats du troisième trimestre.

CARREFOUR
Au terme d'un long suspens, l'enseigne spécialisée Bio C'Bon est reprise par Carrefour. Le tribunal de commerce de Paris a choisi la meilleure offre, soit 60 millions d'euros plus 40 millions d'euros d'investissements. ""Vous rejoignez un magnifique projet, auquel j'attache une importance toute particulière: celui de rendre la bio accessible à tous, tous les jours"", a déclaré le PDG de Carrefour, Alexandre Bompard, dans une lettre aux salariés de Bio C'Bon qu'il a publiée sur son compte Twitter.

DERICHEBOURG 
Derichebourg Environnement assurera dès le 1er avril 2021 la collecte des déchets ménagers de 207 000 habitants répartis sur 39 communes du territoire de la Communauté Urbaine de Caen-la-Mer pour une durée de 7 ans. Le montant total du marché est de 80 millions d'euros. "" Nous avons fait le choix de faire de notre site une vitrine environnementale en déployant une station de distribution de Gaz Naturel (GNV) qui alimentera une trentaine de véhicules (hybride gaz et électricité) "", a précisé Derichebourg.

ELIS 
Elis, le spécialiste des solutions de location-entretien d'articles textiles, d'hygiène et de bien-être, a annoncé la constitution, par son conseil de surveillance, d’un troisième comité permanent, consacré aux questions de responsabilité sociale et environnementale (comité RSE). Le comité RSE sera en charge d’examiner la stratégie, les engagements et les orientations du groupe Elis dans le domaine de la RSE et de veiller à ce que Elis anticipe au mieux les enjeux, les opportunités et les risques en matière de RSE.

ESSILORLUXOTTICA
Le géant de l'optique publiera son chiffre d'affaires du troisième trimestre.

MERCIALYS 
Mercialys a suspendu ses objectifs annuels pour 2020 alors qu'il visait jusqu'à présent un résultat des opérations (FFO) par action en baisse entre 10% et 15% et un dividende dans une fourchette de 70% à 95% du FFO 2020. Le groupe immobilier spécialisé dans les centres commerciaux justifie sa décision par le nouveau confinement généralisé de la population décidé par le gouvernement, qui viendra "" inéluctablement peser sur une situation économique déjà fragilisée"".

ORPEA
Le spécialiste de la prise en charge de la dépendance publiera (après Bourse) son chiffre d'affaires du troisième trimestre.

TELEPERFORMANCE
Le spécialiste de la gestion omnicanal de l'expérience client externalisée publiera son chiffre d'affaires du troisième trimestre.

VILMORIN 
Vilmorin & Cie a réalisé son point d’activité au titre du premier trimestre de son exercice 2020-2021 (clos fin septembre). Ainsi, le producteur de semences a enregistré un chiffre d’affaires consolidé de 234,4 millions d’euros sur la période, en progression de 6,7 % à données comparables et de 1,1 % à données courantes sur un an. Dans son communiqué, Vilmorin rappelle que le chiffre d’affaires du premier trimestre représente en moyenne près de 15 % des ventes annuelles.




Valeurs citées dans l'article
Varia. Dernier Var. 1janv
AXA  4.03% 14.356 -45.04%
BNP PARIBAS  4.25% 31.125 -43.49%
CARREFOUR  1.20% 13.52 -10.64%
DERICHEBOURG  0.48% 2.53 -31.01%
ELIS  5.48% 9.92 -49.16%
ESSILORLUXOTTICA  0.05% 106.25 -21.80%
MERCIALYS  2.68% 4.22 -66.67%
ORPEA  1.19% 86.76 -24.99%
TELEPERFORMANCE  2.83% 265 18.54%
Plus de Résultats
0"
2020-11-02 17:17:00;0.0 vs up;BNP Paribas ;to_be_done;"AXA
Le groupe d'assurance publiera (après Bourse) son chiffre d'affaires du troisième trimestre.

BNP PARIBAS
Le groupe bancaire publiera ses résultats du troisième trimestre.

ESSILORLUXOTTICA
Le géant de l'optique publiera son chiffre d'affaires du troisième trimestre.


Le spécialiste de la prise en charge de la dépendance publiera (après Bourse) son chiffre d'affaires du troisième trimestre.


Le spécialiste de la gestion omnicanal de l'expérience client externalisée publiera son chiffre d'affaires du troisième trimestre."
2020-11-02 13:50:00;-0.2023 vs up;Peugeot ;to_be_done;"Paris (awp/afp) - La Bourse de Paris décollait de 1,82% à la mi-séance lundi, débutant du bon pied une semaine chargée à la veille de l'élection présidentielle américaine et alors que l'Europe se reconfine progressivement.
L'indice vedette CAC 40 gagnait 83,63 points à 4.677,87 points vers 13H00 (12H00 GMT), après un démarrage poussif."
2020-11-02 09:39:00;-0.925 vs up;Peugeot ;to_be_done;"Paris (awp/afp) - La Bourse de Paris était quasiment stable (+0,04%) peu après l'ouverture lundi, les investisseurs demeurant indécis à l'entame d'une semaine décisive avec l'élection présidentielle américaine, une réunion de la Fed, et les suites des reconfinements européens.
L'indice vedette CAC 40 gagnait 1,85 point à 4.596,09 points vers 9H20 (8H20 GMT), après avoir plongé de 6,33% lors de la semaine précédente, sa pire chute depuis juin.
A l'échelle européenne, Francfort montait de 0,27% et Londres perdait 0,08% peu après le début de séance.
Les indices européens pouvaient compter sur une activité manufacturière chinoise au plus haut depuis près de 10 ans en octobre, selon un indice indépendant publié lundi.
Malgré une demande internationale en berne du fait du Covid-19, l'économie chinoise se remet très rapidement de la pandémie, près d'un an après que les premiers cas de Covid-19 ont été enregistrés sur son sol.
De quoi faire pâlir d'envie d'autres parties du monde qui voient leurs indicateurs évoluer en dents de scie, à l'instar des Etats-Unis, qui tiennent dans ce contexte fragile une élection présidentielle de tous les dangers.
""Ces élections devraient laisser les marchés sous pression, du fait des nombreux cas de figure possibles à l'issue du décompte et des risques d'une remise en cause des résultats"", souligne Vincent Boy, analyste pour IG France.
A quelques heures du scrutin, Donald Trump a déjà affirmé que ""nos avocats seront prêts"", laissant entrevoir la possibilité d'une longue bataille judiciaire avec son adversaire Joe Biden.
""Les sondages suggèrent une avance pour Joe Biden au niveau national et dans les Etats clés. (...) Toutefois les écarts sont serrés, y compris en Pennsylvanie, en Floride, dans l'Arizona et le Wisconsin"", rappelle Stephen Innes, stratégiste en chef pour Axi.
Pour ajouter de l'incertitude monétaire aux craintes politiques, les dirigeants de la Banque centrale américaine (Fed) auront peu dormi mercredi matin lorsqu'ils se retrouveront pour leur réunion, au sortir de la nuit électorale.
Ces rendez-vous cruciaux en série se tiendront alors que plusieurs pays d'Europe optent pour un reconfinement afin de répondre à la crise du coronavirus.
Jour après jour, les annonces se suivent et se ressemblent: le gouvernement italien pourrait annoncer des reconfinements dans plusieurs grandes villes du pays selon la presse, s'ajoutant à de sévères restrictions en Allemagne, à un confinement en France, en Belgique et au Royaume-Uni.
SANOFI VEUT KIADIS
Le laboratoire Sanofi (+1,15% à 78,26 euros) a annoncé qu'il allait se lancer dans le rachat de Kiadis, société biopharmaceutique valorisée 308 millions d'euros et spécialisée dans le développement de thérapies cellulaires innovantes.
Unibail-Rodamco-Westfield (URW) SOUFFRE
Le géant des centres commerciaux (-1,23% à 34,47 euros) qui tablait déjà sur une chute de ses résultats annuels en pleine crise, a encore abaissé ses prévisions face au reconfinement, au moment où son avenir oppose la direction et certains actionnaires.
RECUL DES VENTES POUR RENAULT ET PSA
Renault (-0,66% à 21,11 euros) affiche une baisse de ses ventes de 9,69% en 2020 par rapport à son très bon mois d'octobre en 2019, avec 42.634 véhicules, d'après les chiffres publiés par le Comité des constructeurs français d'automobiles (CCFA). Le groupe PSA (-0,10% à 15,41 euros) résiste mieux, avec -2,78% et 60.430 véhicules écoulés.
alb/mch/nth"
unknown;-0.6378 vs up;TechnipFMC plc;to_be_done;Jusqu'à hier, les joutes électorales américaines avaient presque fait oublier que le pays était à la merci d'une seconde vague de coronavirus. Ça m'a tout l'air d'être terminé. On a beau être la première puissance économique et militaire du monde, une nation qui va historiquement de l'avant et le berceau des Avengers et de l'inspecteur Harry, comment lutter contre la mécanique implacable du virus ? Là-bas comme ici en Europe, le nombre de cas journaliers vient de toucher de nouveaux records. Et les marchés financiers ont accusé le coup. Le vieux continent a terminé au plus bas de la séance (-1,9% pour le CAC40) tandis que Wall Street a légèrement réduit ses pertes en fin de parcours, sans pour autant échapper à une sévère correction (-1,86% pour le S&P500).
2020-11-02 15:11:00;0.8902 vs up;Veolia Environnement ;to_be_done;"Lundi 2 novembre 2020

IMERYS
Le groupe de spécialités minérales pour l'industrie publiera ses résultats du troisième trimestre.

UNIBAIL-RODAMCO-WESTFIELD
La foncière spécialisée dans les centres commerciaux publiera ses résultats du troisième trimestre.

VILMORIN
Le producteur de semences publiera son chiffre d'affaires du premier trimestre.



AXA
Le groupe d'assurance publiera (après Bourse) son chiffre d'affaires du troisième trimestre.

BNP PARIBAS
Le groupe bancaire publiera ses résultats du troisième trimestre.

ESSILORLUXOTTICA
Le géant de l'optique publiera son chiffre d'affaires du troisième trimestre.

ORPEA
Le spécialiste de la prise en charge de la dépendance publiera (après Bourse) son chiffre d'affaires du troisième trimestre.

TELEPERFORMANCE
Le spécialiste de la gestion omnicanal de l'expérience client externalisée publiera son chiffre d'affaires du troisième trimestre.



CREDIT AGRICOLE
Le groupe bancaire publiera ses résultats du troisième trimestre.

EIFFAGE
Le groupe de construction et de concessions publiera son chiffre d'affaires du troisième trimestre.

SOLUTIONS 30
Le groupe spécialisée dans les solutions pour les nouvelles technologies publiera (après Bourse) son chiffre d'affaires du troisième trimestre.



ARCELOR MITTAL
Le sidérurgiste publiera ses résultats du troisième trimestre.

EURONEXT
Le groupe boursier pan-européen publiera ses résultats du troisième trimestre.

JCDECAUX
Le spécialiste de la publicité urbaine publiera (après Bourse) son chiffre d'affaires du troisième trimestre.

LAGARDERE
Le groupe de contenus publiera (avant Bourse) son chiffre d'affaires du troisième trimestre.

LEGRAND
Le spécialiste des infrastructures électriques publiera ses résultats du troisième trimestre.

NATIXIS
Le groupe bancaire publiera (après Bourse) ses résultats du troisième trimestre.

SOCIETE GENERALE
Le groupe bancaire publiera ses résultats du troisième trimestre.

VEOLIA ENVIRONNEMENT
Le spécialiste des services collectifs publiera son chiffre d'affaires du troisième trimestre.



DELFINGEN
L'équipementier automobile publiera son chiffre d'affaires du troisième trimestre.

SCOR
Le groupe de réassurance publiera ses résultats du troisième trimestre."
2020-10-29 09:25:00;0.7096 vs up;Veolia Environnement ;to_be_done;"PARIS (Reuters) - Les valeurs à suivre jeudi à la Bourse de Paris et en Europe où les contrats à terme indiquent une ouverture en hausse :
* LVMH et Tiffany ont annoncé jeudi avoir conclu un accord sur la réduction du prix d'achat du joaillier américain par le groupe français de luxe."
2020-11-02 18:06:00;0.128 vs up;Sanofi;to_be_done;PARIS (Reuters) - Les Bourses européennes ont terminé en nette hausse lundi à la faveur de bons indicateurs économiques dans l'industrie, reléguant temporairement au second plan les incertitudes sur la pandémie et l'élection présidentielle américaine.
2020-11-02 17:03:00;0.9948 vs up;Sanofi;to_be_done;"Zurich (awp) - Principales informations économiques de la journée, résumées par awp:
MARCHÉ DE L'EMPLOI: Les perspectives en matière d'emploi poursuivent leur remontée en Suisse par rapport au plongeon enregistré au deuxième trimestre, mais restent clairement négatives, même si tous les secteurs d'activité ne sont pas logés à la même enseigne. Après avoir atteint son plus bas historique (-20,5 points) au deuxième trimestre et s'être redressé à 11,7 points au troisième, le baromètre de l'emploi du centre d'études conjoncturelles (KOF) de l'Ecole polytechnique fédérale de Zurich (EPFZ) s'est inscrit à -7,1 points pour le dernier partiel de l'année.
CONJONCTURE: L'embellie estivale sur le moral des directeurs d'achats helvétiques a été quelque peu sapée en octobre par l'arrivée d'une seconde vague pandémique. Sur la base d'un sondage réalisé juste avant le tour de vis du Conseil fédéral, l'indice PMI compilé par procure.ch et Credit Suisse s'est néanmoins maintenu dans la zone de croissance. Le PMI manufacturier a ainsi égaré 0,7 point pour s'établir à 52,3 points, tandis que celui dans les services a fondu de 4,6 points à 50,4 points, détaille le compte-rendu.
BANQUES: L'indice des directeurs d'achats de petites et moyennes entreprises, PME PMI, compilé par Raiffeisen s'est assombri au mois d'octobre, reculant de plus de 5 points sur un mois pour s'établir à 43,3 points contre 48,6 points. La situation des affaires en octobre chez les petites et moyennes entreprises (PME) actives dans l'industrie demeure inquiétante, en raison de la crise pandémique, selon un communiqué. Depuis le début de l'année, les PME interrogées par Raiffeisen n'ont témoigné d'une hausse de la marche des affaires qu'au mois de juin, rappelle le communiqué. Tous les autres mois, l'indice a terminé en dessous de 50 points, qui représente le seuil de croissance.
PHARMA: Santhera s'est lancé dans une restructuration qui va déboucher dans la suppression de 50% de ses effectifs. Désormais concentré sur le développement du traitement Vamorolone, le laboratoire rhénan s'est assuré d'avoir des financement suffisants. La société de Pratteln a annoncé une série d'adaptations après l'abandon du développement du Puldysa (idebenone) contre la dystrophie musculaire - ou myopathie - de Duchenne (DMD).
ELECTRO-TECHNIQUE: Le conglomérat industriel ABB a décroché auprès de la division de construction navale du groupe coréen Daewoo un contrat portant sur la livraison d'un système de propulsion pour six nouveaux navires destinées au transport de gaz naturel liquéfié (GNL). Dans un communiqué, le groupe électro-technique zurichois chiffre la commande à plus de 300 millions de dollars, soit environ 275 millions de francs suisses au cours actuel. Les premières livraisons sont prévues pour 2023.
CHIMIE: Les instances dirigeantes du chimiste Lonza vont retrouver une certaine normalité, avec l'entrée en fonction du directeur général (CEO) Pierre-Alain Ruffieux. L'arrivée d'un nouveau patron va permettre au président Albert Baehny de se concentrer pleinement sur la conduite stratégique du groupe bâlois. Ce dernier dirigeait le fournisseur de l'industrie pharmaceutique à titre intérimaire depuis près d'une année, rappelle un communiqué. L'ex-directeur général Marc Funk avait annoncé sa démission en novembre 2019 en invoquant des ""raisons personnelles"", après seulement une année en poste.
PHARMA: Le laboratoire Sanofi a annoncé qu'il allait se lancer dans le rachat de Kiadis, société biopharmaceutique valorisée 308 millions d'euros et spécialisée dans le développement de thérapies cellulaires innovantes. Les deux sociétés ""ont conclu un accord définitif aux termes duquel Sanofi lancera une offre publique d'achat en vue de l'acquisition de la totalité des actions de Kiadis à raison de 5,45 euros l'action, pour une valorisation totale d'environ 308 millions d'euros (329 millions de francs suisses)"", précise le laboratoire dans un communiqué.
FUSIONS ET ACQUISITIONS: Le groupe japonais de dispositifs médicaux Olympus a annoncé le rachat de FH Ortho, société française de produits orthopédiques, afin de se renforcer dans le secteur porteur de la chirurgie orthopédique mini-invasive. Le montant de la transaction n'a pas été dévoilé. L'acquisition de FH Ortho va permettre à Olympus de renforcer ses canaux de distribution internationaux pour ses propres produits orthopédiques et de vendre certains produits clés de l'entreprise française au Japon, selon un communiqué.
CONJONCTURE: L'activité manufacturière a poursuivi en octobre sa progression amorcée en septembre, soutenue par la hausse des volumes de production, même si celle-ci a ralenti par rapport aux mois précédents, selon des données publiées par le cabinet IHS Markit. L'indice PMI, qui mesure la performance du secteur sur la base des données recueillies auprès d'un panel de 400 entreprises opérant en France, a atteint 51,3 en octobre après 51,2 points en septembre.
CONJONCTURE: L'activité manufacturière en Chine a atteint en octobre son plus haut niveau depuis près de 10 ans, selon un indice indépendant de référence, qui a confirmé la reprise de la deuxième économie mondiale. L'indice des directeurs d'achats (PMI) du secteur manufacturier, calculé par le cabinet IHS Markit pour le groupe de médias Caixin, s'est établi à 53,6 points le mois dernier contre 53 en septembre, soit son niveau le plus haut depuis janvier 2011.
MONNAIES: La livre britannique subissait une nette baisse face à l'euro et au dollar après l'annonce samedi d'un reconfinement de l'Angleterre pour au moins un mois à partir de jeudi pour faire face à la pandémie de Covid-19. Vers 10H00 GMT (11H00 à Paris), la livre cédait 0,25% face à l'euro à 90,19 pence pour un euro et 0,29% face au dollar à 1,2909 dollar pour une livre. Elle s'échangeait 1,18 franc à 11h40.
TRANSPORT AÉRIEN: La compagnie aérienne irlandaise Ryanair est tombée en territoire négatif au premier semestre de son exercice décalé achevé fin septembre, à cause de l'effondrement du trafic aérien, conséquence de la pandémie de Covid-19. La perte part du groupe atteint 197 millions d'euros (210,3 millions de francs suisses) contre un bénéfice de 1,15 milliard d'euros (1,23 milliard de francs suisses) un an plus tôt. Le chiffre d'affaires, de son côté, a plongé de 78% à 1,18 milliard d'euros (1,26 milliard de francs suisses) ""à cause de la chute de 80% du trafic"", écrit la compagnie ""low cost"" dans un communiqué.
TRANSPORTS PUBLICS: La RATP a racheté le navigateur Mappy au groupe SoLocal, éditeur des Pages jaunes, pour proposer dès 2021 un ""compagnon"" suggérant des trajets en métro, RER, voiture individuelle ou trottinette, a annoncé le groupe lundi. Troisième acteur de la mobilité le plus consulté en France, après Google Maps et Waze, Mappy vient renforcer sa filiale RATP Smart Systems, a annoncé le groupe dans un communiqué. Le montant de l'opération n'a pas été dévoilé.
AUTOMOBILE: La Chine a estimé que les ventes d'automobiles neuves fonctionnant aux ""énergies nouvelles"" (électrique, hybride, pile à combustible) devraient atteindre 20% dans le pays d'ici 2025. Ces véhicules devraient devenir ""le courant dominant"" en 2035. Il s'agit d'une prévision inférieure aux 25% annoncés l'an passé par le ministère du Commerce. Mais le document publié par le gouvernement central appelle à un grand développement du secteur, avec notamment la création de réseaux plus efficaces en matière de recharge et de recyclage des batteries.
SERVICES FINANCIERS: Les banques devraient rapatrier d'ici fin 2020 environ 400 milliards d'euros d'actifs supplémentaires du Royaume-Uni vers l'Allemagne en vue du Brexit, faisant du pays une destination privilégiée de relocalisation de capitaux, a indiqué la banque fédérale allemande. Quelque 397 milliards d'euros supplémentaires devraient quitter les bords de la Tamise pour rejoindre l'Allemagne, faisant grimper à 675 milliards d'euros le total des actifs relocalisés dans ce pays, détaille la Bundesbank dans une étude présentée à la presse. Par comparaison, près de 150 milliards d'euros d'actifs seront relocalisés en France d'ici à la fin de l'année, a affirmé début octobre François Villeroy de Galhau, gouverneur de la Banque de France.
awp"
unknown;0.2732 vs up;Compagnie de Saint-Gobain ;to_be_done;"    2 novembre (Reuters) - Principaux changements de recommandations et/ou d'objectifs de cours
enregistrés lundi à Paris.
    
    * NEXANS           - Credit Suisse relève sa recommandation à ""surperformance"" contre
""neutre"" et remonte son objectif de cours à 54 euros contre 39 euros.
    
    * SAINT-GOBAIN           - Davy relève sa recommandation à ""neutre"" contre
""sous-performance"".
    
    * TOTAL           - Berenberg abaisse son objectif de cours à 36 euros contre 40 euros.
    
    * DBV TECHNOLOGIES          - Portzamparc reprend son suivi avec une recommandation à
""renforcer"" et un objectif de cours à 2,85 euros.
   

    

 (Rédaction de Gdansk)
  
 
 "
2020-10-30 18:50:00;-0.5116 vs up;Compagnie de Saint-Gobain ;to_be_done;"CORRECTION Merci de noter qu'il s'agit de la deuxième des plus fortes baisses hebdomadaires depuis mars et non la pire. Revoici corrigé:
Paris (awp/afp) - La Bourse de Paris a enregistré le deuxième des plus gros replis hebdomadaires depuis mars, en dépit d'une clôture dans le vert (+0,54%) vendredi, les investisseurs restant paralysés par les incertitudes entourant l'élection présidentielle américaine et la crise sanitaire."
2020-10-27 15:38:00;-0.3818 vs up;Europcar Mobility Group ;to_be_done;JPMorgan a réitéré son opinion Neutre et son objectif de cours de 1,60 euro sur le titre Europcar Mobility Group, à la lumière d’un nouveau trimestre difficile pour le loueur de véhicules. Le broker souligne que le principal catalyseur de la valeur à l’avenir sera la finalisation du processus de restructuration de sa dette. Pour l’expert, ce processus pourrait se terminer au plus tôt au premier trimestre 2021.
2020-10-26 17:03:00;0.2472 vs up;Europcar Mobility Group ;to_be_done;"Zurich (awp) - Principales informations économiques de la journée, résumées par awp:
MARCHÉ DU TRAVAIL: Le marché du travail ne devrait pas connaître de crise suite à la deuxième vague de Covid-19 qui sévit actuellement en Suisse. Le taux de chômage a atteint des niveaux qualifiés de normaux dans d'autres pays, a expliqué la directrice d'Adecco Suisse Monica Dell'Anna dans une interview à AWP. ""Nous n'allons pas entrer dans une situation (...) de crise sociale"", a expliqué la nouvelle patronne helvétique du géant de l'intérim, en poste depuis le 1er juin."
unknown;0.9431 vs up;Archos ;to_be_done;J'aborde fréquemment la problématique du retard accumulé par les Européens dans le domaine technologique par rapport aux Américains. Un complexe d'infériorité parfois exaspérant, mais qui n'est pas forcément une fatalité dans un monde qui évolue à toute allure, surtout au niveau du numérique. Après tout, n'existait pas au moment de la bulle internet et des entreprises comme Google ou sont tout juste majeures. Depuis la crise financière, les stars californiennes ont creusé l'écart avec le reste du monde, grâce à leurs vertus mais aussi… au soutien des bonnes poires que nous sommes, nous autres Européens.
unknown;0.4215 vs up;Archos ;to_be_done;"En France
Le ton monte autour de Suez. Le fonds Amber, actionnaire d'Engie, fustige la position du management de Suez, qui n'agit pas selon lui dans l'intérêt de ses actionnaires dans le dossier Veolia. L'actionnaire pousse pour la création d'un ""champion européen"" de l'eau et des déchets. Pour AlphaValue, la décision de Suez d'isoler ses actifs eau dans une fondation néerlandaise est inique et bafoue les droits fondamentaux des actionnaires."
2020-11-02 10:23:00;-0.8042 vs up;VINCI ;to_be_done;"JPMorgan a maintenu sa recommandation Surpondérer sur le titre Vinci, mais a revu son objectif de cours à la baisse, passant de 92 euros à 91. Pour la banque américaine, le nouveau confinement en France devrait faire baisser le trafic autoroutier de 25% cette année, dont -37% au quatrième trimestre, faisant ainsi reculer les revenus liés aux concessions. Elle ajoute que, selon son modèle, le cours actuel de l'action implique que le trafic restera 20% en-deçà de ses niveau de 2019 jusqu'à la fin de la concession, mais que cela reste un scénario très pessimiste.

JPMorgan s'attend à ce que le revenu par action de Vinci recule de 19,7% en 2020 et de 3,8% en 2021."
unknown;0.0 vs up;VINCI ;to_be_done;"Amplifon : Jefferies reste à l'achat avec un objectif de cours relevé de 34 à 36 EUR.
Applus : Jefferies reste acheteur avec un objectif relevé de 9,50 à 10,30 EUR.
Barco : Kempen passe d'achat à neutre en visant 16 EUR.
Basic-Fit : Kempen passe d'achat à neutre en visant 40 EUR."
unknown;0.0 vs up;Auplata Mining Group;to_be_done;"En France
Résultats des entreprises
Imerys : le spécialiste des minéraux industriels ne fournit pas de prévisions 2020, à cause du contexte actuel. Le chiffre d'affaires a reculé de 15,7% au troisième trimestre, entraînant le bénéfice net en repli de près de 40% à 39 M€."
2020-11-02 07:35:00;0.3818 vs up;Auplata Mining Group;to_be_done;"Auplata Mining Group – AMG (Euronext Growth - FR0013410370 - ALAMG) - Communication financière













© 2020 ActusNews"
